{"cameraMode":{"drawMode":0,"name":"Shaded","section":"Shading Mode"},"sceneLighting":false,"audioPlay":false,"sceneViewState":{"m_AlwaysRefresh":false,"showFog":true,"showSkybox":false,"showFlares":true,"showImageEffects":true,"showParticleSystems":true,"showVisualEffectGraphs":true,"m_FxEnabled":true},"in2DMode":false,"pivot":{"x":0.06987369060516358,"y":-0.021625801920890809,"z":0.09635010361671448},"rotation":{"x":0.2434142529964447,"y":-0.32736334204673769,"z":0.08750230818986893,"w":0.9089653491973877},"size":0.24352924525737763,"orthographic":false}