{"cameraMode":{"drawMode":0,"name":"Shaded","section":"Shading Mode"},"sceneLighting":false,"audioPlay":false,"sceneViewState":{"m_AlwaysRefresh":false,"showFog":true,"showSkybox":false,"showFlares":true,"showImageEffects":true,"showParticleSystems":true,"showVisualEffectGraphs":true,"m_FxEnabled":true},"in2DMode":false,"pivot":{"x":0.00000286102294921875,"y":1.999999761581421,"z":-1.1911107301712037},"rotation":{"x":-0.3533780574798584,"y":0.32730022072792055,"z":-0.13339674472808839,"w":-0.8662270903587341},"size":7.9552507400512699,"orthographic":false}