{"cameraMode":{"drawMode":0,"name":"Shaded","section":"Shading Mode"},"sceneLighting":true,"audioPlay":false,"sceneViewState":{"m_AlwaysRefresh":false,"showFog":true,"showSkybox":true,"showFlares":true,"showImageEffects":true,"showParticleSystems":true,"showVisualEffectGraphs":true,"m_FxEnabled":true},"in2DMode":false,"pivot":{"x":17.826419830322267,"y":1.104708194732666,"z":-59.094669342041019},"rotation":{"x":0.09542449563741684,"y":0.7755359411239624,"z":-0.1207372173666954,"w":0.6123427748680115},"size":1.2107257843017579,"orthographic":false}