{"cameraMode":{"drawMode":0,"name":"Shaded","section":"Shading Mode"},"sceneLighting":true,"audioPlay":false,"sceneViewState":{"m_AlwaysRefresh":false,"showFog":true,"showSkybox":false,"showFlares":true,"showImageEffects":true,"showParticleSystems":true,"showVisualEffectGraphs":true,"m_FxEnabled":true},"in2DMode":false,"pivot":{"x":-0.028170734643936158,"y":1.312182903289795,"z":0.027045104652643205},"rotation":{"x":0.05480755493044853,"y":0.6661205887794495,"z":-0.04933147504925728,"w":0.7422950267791748},"size":1.3246840238571168,"orthographic":false}