{"cameraMode":{"drawMode":0,"name":"Shaded","section":"Shading Mode"},"sceneLighting":false,"audioPlay":false,"sceneViewState":{"m_AlwaysRefresh":false,"showFog":true,"showSkybox":false,"showFlares":true,"showImageEffects":true,"showParticleSystems":true,"showVisualEffectGraphs":true,"m_FxEnabled":true},"in2DMode":false,"pivot":{"x":0.2852076292037964,"y":1.1006035804748536,"z":0.42036348581314089},"rotation":{"x":0.03928939998149872,"y":0.8431921601295471,"z":-0.06240035966038704,"w":0.5326775908470154},"size":2.2874221801757814,"orthographic":false}