{"cameraMode":{"drawMode":0,"name":"Shaded","section":"Shading Mode"},"sceneLighting":false,"audioPlay":false,"sceneViewState":{"m_AlwaysRefresh":false,"showFog":true,"showSkybox":false,"showFlares":true,"showImageEffects":true,"showParticleSystems":true,"showVisualEffectGraphs":true,"m_FxEnabled":true},"in2DMode":false,"pivot":{"x":0.14755812287330628,"y":0.26916545629501345,"z":-0.42040348052978518},"rotation":{"x":0.000032507254218216985,"y":-0.36124664545059206,"z":0.00008465283463010564,"w":-0.93253493309021},"size":0.30206799507141116,"orthographic":false}