{"cameraMode":{"drawMode":0,"name":"Shaded","section":"Shading Mode"},"sceneLighting":false,"audioPlay":false,"sceneViewState":{"m_AlwaysRefresh":false,"showFog":true,"showSkybox":false,"showFlares":true,"showImageEffects":true,"showParticleSystems":true,"showVisualEffectGraphs":true,"m_FxEnabled":true},"in2DMode":false,"pivot":{"x":-0.9825602173805237,"y":1.1851643323898316,"z":-1.5790482759475709},"rotation":{"x":-0.010687591508030892,"y":0.9632346034049988,"z":-0.03875214606523514,"w":-0.26564881205558779},"size":1.1476731300354005,"orthographic":false}