{"cameraMode":{"drawMode":0,"name":"Shaded","section":"Shading Mode"},"sceneLighting":false,"audioPlay":false,"sceneViewState":{"m_AlwaysRefresh":false,"showFog":true,"showSkybox":false,"showFlares":true,"showImageEffects":true,"showParticleSystems":true,"showVisualEffectGraphs":true,"m_FxEnabled":true},"in2DMode":false,"pivot":{"x":-5.960464477539063e-8,"y":0.07919308543205261,"z":4.76837158203125e-7},"rotation":{"x":-0.001718600164167583,"y":0.37021780014038088,"z":-0.0005507298046723008,"w":-0.9290135502815247},"size":2.829535484313965,"orthographic":false}